AID,cancer,nervous System,immune system,cardiovascular,toxicity,obesity,virus,diabetes,metabolic disorders,bacteria,parasite,epigenetics_genetics,pulmonary,infection,aging,fungal
activity_1554,1,0,0,0,0,0,0,0,0,0,0,0,0,0,0,0
activity_2732,0,1,1,0,0,1,0,1,0,0,0,0,0,0,0,0
activity_1085,1,0,1,0,0,0,1,0,0,0,0,0,0,0,0,0
activity_1236,0,1,0,1,0,0,0,0,0,0,0,0,0,0,0,0
activity_1274,0,1,1,1,0,0,0,0,0,0,0,0,0,0,0,0
activity_781,1,1,1,0,0,0,0,0,0,0,0,0,0,0,0,0
activity_422,1,1,0,0,0,0,0,0,0,0,0,0,0,0,0,0
activity_1224905,1,0,0,0,0,0,0,0,0,0,0,0,0,0,0,0
activity_624256,1,0,0,0,0,0,0,0,0,0,0,0,0,0,0,0
activity_588358,0,0,1,0,0,0,0,0,0,0,0,0,0,0,0,0
activity_1346378,0,0,0,0,0,0,0,0,0,0,0,0,0,1,0,0
activity_743266,0,0,0,0,0,0,0,0,1,0,0,0,0,0,1,0
activity_624417,0,1,1,0,0,1,0,1,0,0,0,0,0,0,0,0
activity_624418,0,1,1,0,0,1,0,1,0,0,0,0,0,0,0,0
activity_652104,0,1,1,0,1,0,0,0,0,0,0,0,0,0,0,0
activity_602310,0,0,0,0,0,0,1,0,0,0,0,0,0,0,0,0
activity_588579,1,0,0,0,0,0,0,0,0,0,0,0,0,0,0,0
activity_504847,0,0,0,1,0,0,0,0,0,0,0,0,0,0,1,0
activity_651635,0,1,0,0,0,0,0,0,0,0,0,0,0,0,0,0
activity_743255,1,0,0,0,0,0,0,0,0,0,0,0,0,0,0,0
activity_588591,1,0,0,0,0,0,0,0,0,0,0,0,0,0,0,0
activity_588590,1,0,0,0,0,0,0,0,0,0,0,0,0,0,0,0
activity_504845,0,1,0,0,0,0,0,0,0,0,0,0,0,0,0,0
activity_504327,1,0,1,1,0,1,0,1,0,0,0,0,1,0,0,0
activity_504648,1,0,0,0,0,0,0,0,0,0,0,0,0,0,0,0
activity_602313,0,0,0,0,0,0,1,0,0,0,0,0,0,0,0,0
activity_624172,0,1,1,0,0,1,0,1,0,0,0,0,0,0,0,0
activity_624246,1,0,0,0,0,0,0,0,0,0,0,0,0,0,0,0
activity_652106,0,1,0,0,0,0,0,0,0,0,0,0,0,0,0,0
activity_2676,0,1,1,1,0,0,0,0,0,0,0,0,1,0,0,0
activity_652025,0,0,1,0,0,0,0,0,0,1,1,0,0,1,0,0
activity_720504,1,0,0,0,0,0,0,0,0,0,0,0,0,0,0,0
activity_720542,0,0,0,0,0,0,0,0,0,0,1,0,0,0,0,0
activity_651725,1,0,0,0,0,0,0,0,0,0,0,0,0,0,0,0
activity_651768,1,0,0,0,0,0,0,0,0,0,0,0,0,0,0,0
activity_504444,1,0,0,0,0,0,0,0,0,0,0,0,0,0,0,0
activity_743279,0,0,1,0,0,0,0,0,0,0,0,0,1,0,0,0
activity_651644,0,0,1,0,0,0,1,0,0,0,0,0,0,0,0,0
activity_651550,1,0,0,0,0,0,0,0,0,0,0,0,0,0,0,0
activity_1259400,0,0,0,1,0,0,0,0,0,0,0,0,0,0,0,0
activity_720551,0,1,0,0,0,0,0,0,0,0,0,0,0,0,0,0
activity_720553,0,1,0,0,0,0,0,0,0,0,0,0,0,0,0,0
activity_651965,0,0,0,0,0,0,0,0,0,1,0,0,0,0,0,0
activity_540263,1,0,0,0,0,0,0,0,0,0,0,0,0,0,0,0
activity_485314,1,0,0,0,0,0,0,0,0,0,0,0,0,0,0,0
activity_651724,1,0,0,0,0,0,0,0,0,0,0,0,0,0,0,0
activity_488837,1,0,0,0,0,0,0,0,0,0,0,0,0,0,0,0
activity_485353,0,0,0,0,0,0,1,0,0,0,0,0,0,0,0,0
activity_540303,1,0,0,0,0,0,0,0,0,0,0,0,0,0,0,0
activity_485298,1,0,0,0,0,0,0,0,0,0,0,0,0,0,0,0
activity_504706,1,0,0,0,0,0,0,0,0,0,0,0,0,0,0,0
activity_485313,0,1,0,0,0,0,0,0,1,0,0,0,0,0,0,0
activity_485297,0,1,0,0,0,0,0,0,1,0,0,0,0,0,0,0
activity_2551,0,0,1,0,0,0,0,0,0,0,0,0,0,0,0,0
activity_2546,0,0,1,0,0,0,0,0,0,0,0,0,0,0,0,0
activity_540276,0,0,0,0,0,0,1,0,0,0,0,0,0,0,0,0
activity_540256,0,0,0,0,0,0,1,0,0,0,0,0,0,0,0,0
activity_2662,1,0,0,0,0,0,0,0,0,0,0,0,0,0,0,0
activity_2315,0,1,1,1,0,0,0,0,1,1,0,0,0,1,0,0
activity_2675,0,0,1,1,0,0,0,1,0,0,0,0,0,0,0,0
activity_2326,0,0,1,0,0,0,1,0,0,0,0,0,0,0,0,0
activity_2549,1,0,0,0,0,0,0,0,0,0,0,0,0,0,0,0
activity_880,0,1,0,0,0,0,0,0,0,0,0,0,0,0,0,0
activity_2147,0,0,0,0,0,0,0,0,0,0,0,1,0,0,0,0
activity_485360,1,0,0,0,0,0,0,0,0,0,0,0,0,0,0,0
activity_1458,0,1,0,0,0,0,0,0,0,0,0,0,0,0,0,0
activity_1487,0,1,0,0,0,0,0,0,0,0,0,0,0,0,1,0
activity_445,1,0,0,0,0,0,0,0,0,0,0,0,0,0,0,0
activity_1259318,0,1,1,1,0,1,0,1,0,0,0,0,0,0,0,0
activity_602429,1,0,0,0,0,0,0,0,0,0,0,0,0,0,0,0
activity_624304,0,0,0,0,0,0,0,0,0,0,1,0,0,0,0,0
activity_624352,1,1,0,1,0,0,0,0,0,0,0,0,0,0,0,0
activity_651699,1,1,1,0,0,0,0,0,0,0,0,0,0,0,0,0
activity_651647,1,0,0,0,0,0,0,0,0,0,0,0,0,0,0,0
activity_1347056,1,0,0,0,0,0,0,0,0,0,0,0,0,0,0,0
activity_588405,1,0,0,0,0,0,0,0,0,0,0,0,0,0,0,0
activity_588493,1,0,0,0,0,0,0,0,0,0,0,0,0,0,0,0
activity_1259313,0,1,0,0,0,0,0,0,0,0,0,1,0,0,0,0
activity_489030,1,1,1,0,0,0,0,0,0,0,0,0,0,0,0,0
activity_489031,1,1,1,0,0,0,0,0,0,0,0,0,0,0,0,0
activity_485273,0,0,1,0,0,0,0,0,0,0,0,0,0,1,0,0
activity_2071,0,0,1,0,0,0,0,0,0,0,0,0,0,0,0,0
activity_485,0,0,0,1,0,0,0,0,0,0,0,0,0,0,0,0
activity_1259388,0,0,0,0,1,0,0,0,0,0,0,0,0,0,0,0
activity_588692,1,0,0,0,0,0,0,0,0,0,0,0,0,0,0,0
activity_720706,0,0,0,0,0,0,0,0,0,1,0,0,0,0,0,0
activity_602393,1,0,0,0,0,0,0,0,0,0,0,0,0,0,0,0
activity_2099,1,0,0,0,0,0,0,0,0,0,0,0,0,0,0,0
activity_504621,0,0,0,0,0,0,0,0,0,0,1,0,0,0,0,0
activity_1813,0,1,0,0,0,0,0,0,0,0,0,0,0,0,0,0
activity_1814,0,1,0,0,0,0,0,0,0,0,0,0,0,0,0,0
activity_1662,0,0,0,0,0,0,0,0,0,1,0,0,0,0,0,0
activity_2221,0,0,0,0,0,0,0,0,0,1,0,0,0,1,0,0
activity_940,0,1,1,0,0,0,0,0,0,0,0,0,0,0,0,0
activity_1422,0,1,1,0,0,0,0,0,0,0,0,0,0,0,0,0
activity_1021,1,0,0,0,0,0,0,0,0,0,0,0,0,0,0,0
activity_1022,1,0,0,0,0,0,0,0,0,0,0,0,0,0,0,0
activity_817,0,0,0,0,0,0,0,0,1,0,0,1,0,0,0,0
activity_602162,1,1,0,1,0,0,0,0,0,1,0,0,0,0,0,0
activity_588499,1,0,1,0,1,0,0,0,0,0,0,0,0,0,0,0
activity_504490,1,0,1,0,0,0,0,0,0,0,0,0,0,0,0,0
activity_488847,0,1,0,1,0,0,0,0,0,0,0,0,0,0,0,0
activity_2557,1,0,1,0,0,0,0,0,0,0,0,0,0,0,0,0
activity_624170,1,1,1,0,1,0,0,0,0,0,0,0,0,0,0,0
activity_624171,1,1,1,1,0,1,0,1,0,0,0,0,0,0,0,0
activity_624414,0,1,0,0,0,0,0,0,1,0,0,0,0,0,0,0
activity_1347076,1,0,0,0,1,0,0,0,0,0,0,0,0,0,0,0
activity_1347075,1,0,0,0,1,0,0,0,0,0,0,0,0,0,0,0
activity_624415,0,1,0,0,0,0,0,0,1,0,0,0,0,0,0,0
activity_1347120,0,1,1,0,0,0,0,0,0,0,0,1,0,0,0,0
activity_504339,0,0,0,0,0,0,0,0,0,0,0,1,0,0,0,0
activity_504891,1,1,1,0,0,0,0,0,0,0,0,0,0,0,1,0
activity_540317,1,1,0,0,0,0,0,0,0,0,0,0,0,0,0,0
activity_624202,1,0,0,0,0,0,0,0,0,0,0,0,0,0,0,0
activity_720707,1,0,1,1,0,1,0,1,0,0,0,0,0,0,0,0
activity_720708,1,0,1,1,0,1,0,1,0,0,0,0,0,0,0,0
activity_720709,1,0,1,1,0,1,0,1,0,0,0,0,0,0,0,0
activity_720711,1,0,1,1,0,1,0,1,0,0,0,0,0,0,0,0
activity_504333,0,0,0,0,0,0,0,0,0,0,0,1,0,0,0,0
activity_504332,1,0,0,0,0,0,0,0,0,0,0,1,0,0,0,0
activity_540253,1,0,0,0,0,0,0,0,0,0,0,0,0,0,0,0
activity_504842,1,0,0,0,0,0,0,0,0,0,0,0,0,0,0,0
activity_1463,0,1,0,0,0,0,0,0,0,0,0,0,0,0,0,0
activity_1461,0,1,0,0,0,0,0,0,0,0,0,0,0,0,0,0
activity_1347165,1,0,0,0,0,0,0,0,0,1,0,0,0,0,0,0
activity_1457,0,1,0,0,0,0,0,0,0,0,0,0,0,0,0,0
activity_2417,1,0,0,0,0,0,0,0,0,0,0,0,0,0,0,0
activity_1454,1,0,0,0,0,0,0,0,0,0,0,0,0,0,0,0
activity_1948,0,0,0,0,0,0,0,0,0,0,0,1,0,0,0,0
activity_602449,0,0,0,0,0,0,0,0,1,0,0,0,1,0,0,0
activity_1224865,0,0,1,0,0,1,0,1,0,0,0,0,0,0,0,0
activity_588473,0,1,0,0,0,0,0,0,0,0,0,0,0,0,0,0
activity_588475,0,1,0,0,0,0,0,0,0,0,0,0,0,0,0,0
activity_493187,0,0,0,0,0,1,0,1,0,0,0,0,0,0,0,0
activity_504462,1,0,0,0,0,0,0,0,0,0,0,0,0,0,0,1
activity_463195,1,1,0,0,0,0,0,0,0,0,0,0,0,0,0,0
activity_485346,1,0,0,0,0,0,0,0,0,0,0,0,0,0,0,0
activity_1496,1,0,0,0,0,0,0,0,0,0,0,0,0,0,0,0
activity_1012,0,0,0,1,0,0,0,0,0,0,0,0,0,0,1,0
activity_1216,0,0,0,0,0,0,0,0,0,0,0,0,0,0,0,1
activity_1259310,1,0,0,0,0,0,0,0,0,0,0,0,0,0,0,0
activity_743269,0,0,1,0,0,0,1,0,0,0,0,0,0,0,0,0
activity_652017,1,0,0,0,0,0,0,0,0,0,0,1,0,0,0,0
activity_2642,0,0,1,1,0,1,0,1,0,0,0,0,0,0,0,0
activity_488922,1,1,0,0,0,0,0,0,0,0,0,0,0,0,0,0
activity_2237,0,1,0,1,0,0,0,0,0,0,0,0,0,0,0,0
activity_2247,0,1,0,1,0,0,0,0,0,0,0,0,0,0,0,0
activity_624483,1,0,1,1,0,0,1,0,0,0,0,0,0,0,0,0
activity_1415,0,1,0,1,0,0,0,0,0,0,0,0,1,0,0,0
activity_1423,0,1,0,1,0,0,0,0,0,0,0,0,1,0,0,0
activity_1439,0,1,0,1,0,0,0,0,0,0,0,0,1,0,0,0
activity_1441,0,1,0,1,0,0,0,0,0,0,0,0,1,0,0,0
activity_950,1,0,0,0,0,0,0,0,0,0,0,0,0,0,0,0
activity_951,1,0,0,0,0,0,0,0,0,0,0,0,0,0,0,0
activity_952,1,0,0,0,0,0,0,0,0,0,0,0,0,0,0,0
activity_1007,1,0,0,0,0,0,0,0,0,0,0,0,0,0,0,0
activity_1008,1,0,0,0,0,0,0,0,0,0,0,0,0,0,0,0
activity_1009,1,0,0,0,0,0,0,0,0,0,0,0,0,0,0,0
activity_624263,0,1,0,0,0,0,0,0,0,0,0,0,0,0,0,0
activity_651819,1,0,0,0,0,0,0,0,0,0,0,0,0,0,0,0
activity_602438,0,1,0,1,0,0,0,0,0,0,0,0,0,0,0,0
activity_651636,0,0,1,0,0,0,1,0,0,0,0,0,0,0,0,0
activity_493098,1,0,0,0,0,0,0,0,0,0,0,0,0,0,0,0
activity_2521,0,0,0,1,0,0,0,0,1,0,0,0,0,0,0,0
activity_2520,0,0,0,1,0,0,0,0,1,0,0,0,0,0,0,0
activity_1656,0,0,1,1,0,1,0,1,0,0,0,0,0,0,0,0
activity_1259374,1,0,0,0,0,0,0,0,0,1,0,0,0,0,0,0
activity_1259422,1,0,0,0,0,0,0,0,0,0,0,0,0,0,0,0
activity_686940,1,0,0,1,0,0,0,0,0,0,0,0,0,0,0,0
activity_720508,1,0,0,1,0,0,0,0,0,0,0,0,1,0,0,0
activity_720509,1,0,0,1,0,0,0,0,0,0,0,0,1,0,0,0
activity_720543,0,1,0,0,0,1,0,0,0,0,0,0,0,0,0,0
activity_720582,1,0,0,0,0,0,0,0,0,0,0,0,0,0,0,0
activity_720648,1,0,0,0,0,0,0,0,0,0,0,0,0,0,0,0
activity_720700,1,0,0,1,0,0,0,0,0,0,0,0,0,0,0,0
activity_720704,1,0,0,1,0,0,0,0,0,0,0,0,0,0,0,0
activity_651958,0,0,1,0,0,0,1,0,0,0,0,0,0,0,0,0
activity_602396,1,0,0,0,0,0,0,0,0,0,0,0,0,0,0,0
activity_624169,0,1,0,0,0,0,0,0,0,0,0,0,0,0,0,0
activity_651602,0,0,0,0,0,0,0,0,0,1,0,0,0,0,0,0
activity_602229,0,1,0,0,0,0,0,0,0,0,0,0,0,0,0,0
activity_588352,1,0,0,0,0,0,0,0,0,0,0,0,0,0,0,0
activity_588726,0,0,0,0,0,0,0,0,0,1,0,0,0,0,0,0
activity_588354,1,0,0,0,0,0,0,0,0,0,0,0,0,0,0,0
activity_651719,0,1,0,0,0,0,0,0,1,0,0,0,0,0,0,0
activity_588335,0,0,0,0,0,0,0,0,0,1,0,0,0,0,0,0
activity_504326,0,1,0,0,0,0,0,0,0,0,0,0,1,0,0,0
activity_504357,0,1,0,0,0,0,0,0,0,0,0,0,1,0,0,0
activity_434989,0,1,0,0,0,0,0,0,0,0,0,0,0,0,0,0
activity_435030,1,0,1,0,0,0,0,0,0,1,0,0,0,0,0,0
activity_449728,1,0,1,0,0,0,0,0,0,1,0,0,0,0,0,0
activity_463079,0,1,0,0,0,0,0,0,0,0,0,0,0,0,0,0
activity_463141,1,0,0,0,0,0,0,0,0,0,0,0,0,0,0,0
activity_463210,1,0,0,0,0,0,0,0,0,0,0,0,0,0,0,0
activity_485270,0,1,0,0,0,0,0,0,0,0,0,0,0,0,0,0
activity_485272,0,0,1,0,0,0,0,0,0,0,0,0,0,0,0,0
activity_2435,0,1,0,0,0,0,0,0,0,0,0,0,0,0,0,0
activity_2445,0,1,0,0,0,0,0,0,0,0,0,0,0,0,0,0
activity_2606,0,0,0,0,0,0,0,0,0,1,0,0,0,0,0,0
activity_2796,1,0,0,0,0,0,0,0,1,0,0,0,0,0,0,0
activity_2797,0,1,0,0,0,0,0,0,0,0,0,0,0,0,0,0
activity_2280,1,0,0,0,0,0,0,0,0,0,0,0,0,0,0,0
activity_1987,1,0,0,0,0,0,0,0,0,0,0,0,0,0,0,0
activity_2235,1,0,0,0,0,0,0,0,0,0,0,0,0,0,0,0
activity_2300,0,1,0,0,0,0,0,0,0,0,0,0,0,0,0,0
activity_1899,1,0,0,0,0,0,1,0,0,0,0,0,0,0,0,0
activity_1950,1,1,1,0,0,0,1,0,0,0,0,0,0,1,0,0
activity_1962,0,0,0,0,0,0,0,0,0,0,0,0,0,0,0,1
activity_1527,0,0,0,0,0,0,0,0,0,1,0,0,0,0,0,0
activity_1556,0,0,0,0,0,0,0,0,0,1,0,0,0,0,0,0
activity_1700,1,0,0,0,0,0,0,0,0,0,0,0,0,0,0,0
activity_1706,0,0,0,0,0,0,1,0,0,0,0,0,0,0,0,0
activity_1789,1,1,1,0,0,0,1,0,0,0,0,0,0,0,0,0
activity_1800,0,0,0,0,0,0,1,0,0,0,0,0,0,0,0,0
activity_1825,1,0,0,0,0,0,0,0,0,0,0,0,0,0,0,0
activity_1861,0,1,0,0,0,0,0,0,0,0,0,0,0,0,0,0
activity_1304,0,1,1,0,0,1,0,0,1,0,0,0,0,0,0,0
activity_1359,0,1,0,1,0,1,0,0,1,0,0,0,0,0,0,0
activity_1416,1,0,0,0,0,0,0,0,0,0,0,0,0,0,0,0
activity_1424,0,1,0,0,0,0,0,0,0,0,0,0,0,0,0,0
activity_1446,1,0,1,0,0,0,0,0,0,0,0,0,0,0,0,0
activity_1448,0,1,0,0,0,0,0,0,1,0,0,0,0,0,0,0
activity_1481,1,1,1,0,0,0,0,0,0,0,0,0,0,0,0,0
activity_1486,1,0,1,0,0,0,0,0,0,0,0,0,0,0,0,0
activity_1509,0,0,0,0,0,0,1,0,0,0,0,0,0,0,0,0
activity_1510,0,0,0,0,0,0,1,0,0,0,0,0,0,0,0,0
activity_1515,1,0,0,0,0,0,0,0,0,0,0,0,0,0,0,0
activity_1040,0,1,1,0,0,1,0,0,1,0,0,0,0,0,0,0
activity_861,0,0,1,0,0,0,0,0,0,0,0,0,0,0,0,0
activity_793,0,1,0,1,0,0,0,0,0,0,0,0,0,0,0,0
activity_803,0,1,0,0,0,0,0,0,0,0,0,0,0,0,0,0
activity_828,0,1,0,0,0,0,0,0,0,0,0,0,0,0,0,0
activity_623870,0,1,0,1,0,0,0,0,0,0,0,0,0,0,0,0
activity_743287,0,0,1,0,0,1,0,1,0,0,0,0,0,0,0,0
activity_602329,1,0,0,0,0,0,0,0,0,0,0,0,0,0,0,0
activity_651654,0,0,0,0,0,0,0,0,0,0,0,0,0,0,0,1
activity_602405,0,0,0,0,0,0,0,0,0,1,0,0,0,0,0,0
activity_651610,0,0,0,0,0,0,1,0,0,0,0,0,0,0,0,0
activity_652154,1,0,0,0,0,0,0,0,0,0,0,0,0,0,0,0
activity_504884,0,0,0,0,0,0,0,0,0,1,0,0,0,0,0,0
activity_602481,0,0,0,0,0,0,0,0,0,1,0,0,0,0,0,0
activity_652163,1,0,0,0,0,0,0,0,0,0,0,0,0,0,0,0
activity_651710,1,0,0,0,0,0,0,0,0,0,0,0,0,0,0,0
activity_588549,0,0,0,0,0,0,0,0,0,1,0,0,0,0,0,0
activity_651711,0,0,0,1,0,0,0,0,0,0,0,0,0,0,0,0
activity_652162,0,0,0,0,0,0,1,0,0,1,0,0,0,0,0,0
activity_588436,0,0,0,0,0,0,0,0,0,1,0,0,0,0,0,0
activity_651687,0,0,1,1,0,1,0,1,1,0,0,0,0,0,1,0
activity_651723,0,0,1,1,0,1,0,1,1,0,0,0,0,0,1,0
activity_588391,0,0,0,1,0,0,0,0,0,0,0,0,0,0,0,0
activity_686996,1,0,0,0,0,0,0,0,0,0,0,0,0,0,0,0
activity_720511,0,0,0,0,0,0,0,0,0,0,0,0,1,0,0,0
activity_651640,0,0,0,0,0,0,1,0,0,0,0,0,0,0,0,0
activity_651661,1,0,0,0,0,0,0,0,0,0,0,0,0,0,0,0
activity_743247,0,1,0,0,0,0,0,0,0,0,0,0,0,0,0,0
activity_504558,0,0,0,0,0,0,1,0,0,0,0,0,0,0,0,0
activity_652197,0,0,1,0,0,0,0,0,0,0,0,0,0,0,0,0
activity_488895,0,0,0,0,0,0,0,0,0,1,0,0,0,0,0,0
activity_488965,0,0,0,0,0,0,0,0,0,1,0,0,0,0,0,0
activity_493131,0,0,0,0,0,0,0,0,0,1,0,0,0,0,0,0
activity_504523,1,1,1,0,0,0,0,0,0,0,0,0,0,0,0,0
activity_504582,0,0,0,0,0,0,0,0,0,0,1,0,0,0,0,0
activity_504423,1,0,0,0,0,0,0,0,0,0,0,0,0,0,0,0
activity_602346,0,0,0,0,0,0,1,0,0,0,0,0,0,0,0,0
activity_602342,1,0,0,0,0,0,1,0,0,0,0,0,0,0,0,0
activity_623901,1,0,0,0,0,0,1,0,0,0,0,0,0,0,0,0
activity_743397,0,0,0,0,0,0,0,0,1,0,0,0,0,0,0,0
activity_488839,0,1,1,0,0,0,0,0,0,0,0,0,0,0,0,0
activity_602340,0,0,0,0,1,1,0,0,0,0,0,0,0,0,0,0
activity_488899,1,0,0,0,0,0,0,0,0,0,0,0,0,0,0,0
activity_540336,1,0,0,0,0,0,0,0,0,0,0,0,0,0,0,1
activity_504406,0,0,0,0,0,0,0,0,0,1,0,0,0,0,0,0
activity_488896,0,0,0,1,0,1,0,0,0,0,0,0,0,0,0,0
activity_504775,0,0,0,1,0,1,0,0,0,0,0,0,0,0,0,0
activity_743445,1,0,0,0,0,0,0,0,0,0,0,0,0,0,0,0
activity_743398,0,1,0,0,0,0,0,0,0,0,0,0,0,0,0,0
activity_588334,1,0,0,0,0,0,0,0,0,0,0,0,0,0,0,0
activity_686992,1,0,0,0,0,0,0,0,0,0,0,0,0,0,0,0
activity_2016,1,1,0,0,0,0,0,0,0,0,0,0,0,0,0,0
activity_2025,1,1,0,0,0,0,0,0,0,0,0,0,0,0,0,0
activity_2023,1,1,0,0,0,0,0,0,0,0,0,0,0,0,0,0
activity_2066,1,1,0,0,0,0,0,0,0,0,0,0,0,0,0,0
activity_2029,1,1,0,0,0,0,0,0,0,0,0,0,0,0,0,0
activity_2462,1,0,0,0,0,0,0,0,0,0,0,0,0,0,0,0
activity_2661,0,0,0,0,0,0,0,0,1,0,0,0,0,0,0,0
activity_2716,1,0,0,0,0,0,0,0,0,0,0,0,0,0,0,0
activity_2718,1,0,0,0,0,0,0,0,0,0,0,0,0,0,0,0
activity_2650,1,0,0,0,0,0,0,0,0,0,0,0,0,0,0,0
activity_435005,0,0,1,0,0,1,0,1,0,0,0,0,0,0,0,0
activity_1885,0,0,0,0,0,0,0,0,0,0,1,0,0,0,0,0
activity_1979,0,0,0,0,0,0,0,0,0,0,0,0,0,0,0,1
activity_2097,0,1,0,0,0,0,0,0,0,0,0,0,0,0,0,0
activity_2717,1,0,0,0,0,0,0,0,0,0,0,0,0,0,0,0
activity_1910,0,1,0,1,0,0,0,0,0,0,0,0,0,0,0,0
activity_841,0,0,0,0,0,0,1,0,0,0,0,0,0,0,0,0
activity_1053175,0,0,0,0,0,0,0,0,0,1,0,0,0,0,0,0
activity_1259309,0,0,0,0,0,0,0,0,0,1,0,0,0,0,0,0
activity_1259311,0,0,0,0,0,0,0,0,0,1,0,0,0,0,0,0
activity_720641,0,0,0,0,0,0,0,0,0,1,0,0,0,1,0,0
activity_588519,0,0,0,0,0,0,1,0,0,0,0,0,0,0,0,0
activity_492967,0,0,0,0,0,0,0,0,0,1,0,0,0,0,0,0
activity_504770,0,0,0,0,0,0,0,0,0,1,0,0,0,0,0,0
activity_485395,0,0,0,0,0,0,0,0,0,1,0,0,0,0,0,0
activity_493033,0,0,0,0,0,0,0,0,0,1,0,0,0,0,0,0
activity_540299,0,0,0,0,0,0,0,0,0,1,0,0,0,0,0,0
activity_651702,1,0,1,0,0,0,1,0,0,0,0,0,0,0,0,0
activity_588497,1,0,1,1,0,0,1,0,0,0,0,0,0,0,0,0
activity_588501,1,0,1,1,0,0,1,0,0,0,0,0,0,0,0,0
activity_504577,0,0,0,0,0,0,1,0,0,0,0,0,0,0,0,0
activity_485275,0,0,1,0,0,0,0,0,0,0,0,0,0,0,0,1
activity_2690,1,1,0,1,0,0,0,0,0,0,0,0,0,0,0,0
activity_1347041,1,0,0,0,0,0,0,0,0,0,0,0,0,0,0,0
activity_602332,0,1,1,1,0,1,0,1,0,0,0,0,0,0,0,0
activity_686979,1,0,0,0,0,0,0,0,0,0,0,0,0,0,0,0
activity_686978,1,0,0,0,0,0,0,0,0,0,0,0,0,0,0,0
activity_624173,0,0,0,0,0,0,0,0,0,0,1,0,0,0,0,0
activity_1347131,0,0,0,1,0,0,1,0,0,0,0,0,0,0,0,0
activity_1159524,0,0,0,1,0,0,1,0,0,0,0,0,0,0,0,0
activity_1347071,0,1,0,0,0,0,0,0,0,0,0,0,0,0,0,0
activity_1259415,0,0,0,0,0,0,1,0,0,0,0,0,0,1,0,0
activity_588453,1,0,0,0,0,0,0,0,0,0,0,0,0,0,0,0
activity_588456,1,0,0,0,0,0,0,0,0,0,0,0,0,0,0,0
activity_588795,1,0,0,0,0,0,0,0,0,0,0,0,0,0,0,0
activity_602179,1,0,0,0,0,0,0,0,0,0,0,0,0,0,0,0
activity_686970,1,0,0,0,0,0,0,0,0,0,0,0,0,0,0,0
activity_686971,1,0,0,0,0,0,0,0,0,0,0,0,0,0,0,0
activity_485364,0,0,0,0,0,0,0,0,0,0,1,0,0,0,0,0
activity_2528,1,0,0,0,0,0,0,0,0,0,0,0,0,0,0,0
activity_485290,1,0,0,0,0,0,0,0,0,0,0,0,0,0,0,0
activity_2517,1,0,0,0,0,0,0,0,0,0,0,0,0,0,0,0
activity_485281,0,1,0,0,0,0,0,0,0,0,0,0,0,0,0,0
activity_624296,1,0,0,0,0,0,0,0,0,0,0,0,0,0,0,0
activity_624297,1,0,0,0,0,0,0,0,0,0,0,0,0,0,0,0
activity_651820,0,0,0,0,0,0,1,0,0,0,0,0,0,0,0,0
activity_540267,0,0,0,0,0,0,0,0,0,0,1,0,0,0,0,0
activity_504937,0,0,1,1,0,0,0,0,0,0,0,0,0,0,0,0
activity_624288,0,0,0,0,0,0,0,0,0,0,0,1,0,0,0,0
activity_624287,0,0,0,0,0,0,0,0,0,0,0,1,0,0,0,0
activity_463254,1,0,0,0,0,0,0,0,0,0,0,0,0,0,0,0
activity_720580,0,0,0,0,0,0,1,0,0,0,0,0,0,0,0,0
activity_504466,1,0,0,0,0,0,0,0,0,0,0,0,0,0,0,0
activity_504467,1,0,0,0,0,0,0,0,0,0,0,0,0,0,0,0
activity_652105,1,0,0,0,0,0,0,0,0,0,0,0,0,0,0,0
activity_2101,0,0,0,0,0,0,0,0,0,0,0,1,0,0,0,0
activity_504834,0,0,0,0,0,0,0,0,0,0,1,0,0,0,0,0
activity_485349,0,1,0,0,0,0,0,0,0,0,0,0,0,0,0,0
activity_2685,0,0,1,0,0,0,0,1,0,0,0,0,0,0,0,0
activity_720579,0,0,0,0,0,0,1,0,0,0,0,0,0,0,0,0
activity_504832,0,0,0,0,0,0,0,0,0,0,1,0,0,0,0,0
activity_2100,0,0,0,1,0,0,0,0,1,0,0,1,0,0,0,0
activity_2314,0,0,1,1,0,0,0,0,1,1,0,0,0,1,0,0
activity_2472,0,0,0,0,0,0,1,0,0,0,0,0,0,0,0,0
activity_2451,0,0,0,0,0,0,1,0,0,0,0,0,0,0,0,0
activity_1868,0,0,0,0,0,0,0,0,1,0,0,1,0,0,0,0
activity_1460,0,1,0,0,0,0,0,0,0,0,0,0,0,0,0,0
activity_1768,1,0,0,0,0,0,0,0,0,0,0,0,0,0,0,0
activity_1631,0,0,0,0,0,0,0,0,1,0,0,0,0,0,0,0
activity_1634,0,0,0,0,0,0,0,0,1,0,0,0,0,0,0,0
activity_2107,0,0,0,0,0,1,0,0,1,0,0,1,0,0,0,0
activity_1471,0,1,0,0,0,0,0,0,0,0,0,0,0,0,0,0
activity_1688,0,1,0,0,0,0,0,0,0,0,0,0,0,0,0,0
activity_1030,0,0,0,0,0,1,0,0,0,0,0,0,0,0,0,0
activity_1379,0,0,0,0,0,0,0,0,1,0,0,0,0,0,0,0
activity_2242,0,0,0,1,0,0,0,0,1,0,0,1,0,0,0,0
activity_1476,0,0,0,0,0,0,0,0,0,0,1,0,0,0,0,0
activity_1478,0,0,0,0,0,0,0,0,0,0,1,0,0,0,0,0
activity_1452,1,0,1,0,0,0,0,0,0,0,0,0,0,0,0,0
activity_894,1,0,0,0,0,0,0,0,0,0,0,0,0,0,0,0
activity_902,1,0,0,0,0,0,0,0,0,0,0,0,0,0,0,0
activity_924,1,0,0,0,0,0,0,0,0,0,0,0,0,0,0,0
activity_1347417,0,0,0,0,0,0,0,0,0,0,1,0,0,0,0,0
activity_881,1,0,1,0,0,0,0,0,0,0,0,0,0,0,0,0
activity_624168,0,1,0,0,0,0,0,0,0,0,0,0,0,0,0,0
activity_624204,1,0,0,0,0,0,0,0,0,0,0,0,0,0,0,0
activity_624354,1,0,0,0,0,0,0,0,0,0,0,0,0,0,0,0
activity_651560,0,0,1,1,0,1,0,1,0,0,0,0,0,0,0,0
activity_602244,1,0,0,0,0,0,0,0,0,0,0,0,0,0,0,0
activity_602261,1,0,0,0,0,0,0,0,0,0,0,0,0,0,0,0
activity_602274,0,0,1,0,0,0,0,0,0,0,0,0,0,0,0,0
activity_602399,0,0,0,0,0,0,0,0,0,1,0,0,0,0,0,0
activity_588458,1,0,0,0,0,0,0,0,0,0,0,0,0,0,0,0
activity_588489,1,1,0,0,0,0,0,0,0,0,0,0,0,0,0,0
activity_588492,0,0,0,1,0,0,0,0,0,0,0,0,0,0,0,0
activity_588621,1,1,1,0,0,1,0,1,0,0,0,0,0,0,0,0
activity_588850,0,0,1,0,0,0,0,0,0,0,0,0,1,0,0,0
activity_602141,0,0,1,0,0,0,0,0,0,0,0,0,1,0,0,0
activity_504720,0,0,0,0,0,0,0,0,0,1,0,0,0,0,0,0
activity_493091,0,1,0,0,0,0,0,0,0,0,0,0,0,0,0,0
activity_493160,0,0,1,0,0,1,0,1,1,0,0,0,0,0,0,0
activity_493011,0,0,0,0,0,0,1,0,0,0,0,0,0,0,0,0
activity_493012,0,0,0,0,0,0,1,0,0,0,0,0,0,0,0,0
activity_449763,0,1,1,0,0,1,0,1,0,0,0,1,0,0,0,0
activity_463104,0,1,1,0,0,1,0,1,0,0,0,1,0,0,0,0
activity_463190,1,1,0,0,0,0,0,0,0,0,0,0,0,0,0,0
activity_463212,1,1,0,0,0,0,0,0,0,0,0,0,0,0,0,0
activity_435022,1,0,1,0,0,0,0,0,0,0,0,0,0,0,0,0
activity_2380,0,0,1,0,0,1,0,1,0,0,0,0,0,0,0,0
activity_2825,0,0,1,0,0,0,0,0,0,0,0,0,0,0,0,0
activity_435003,1,0,1,0,0,0,0,0,0,0,0,0,0,0,0,0
activity_651582,0,0,1,0,0,1,0,1,0,0,0,0,0,0,0,0
activity_1443,1,0,0,0,0,0,0,0,0,0,0,0,0,0,0,0
activity_1135,0,0,0,0,0,0,0,0,0,0,0,0,0,0,1,0
activity_1217,0,0,0,0,0,0,0,0,1,0,0,0,0,0,0,0
activity_1029,0,0,0,0,0,0,0,0,0,0,0,0,0,1,0,0
activity_720637,0,0,0,0,1,0,0,0,0,0,0,0,0,0,0,0
activity_1347034,1,0,1,0,0,0,0,0,0,0,0,0,0,0,0,0
activity_1347037,1,0,1,0,0,0,0,0,0,0,0,0,0,0,0,0
activity_602233,0,0,0,0,0,0,0,0,0,0,1,0,0,0,0,0
activity_485367,0,0,0,0,0,0,0,0,0,0,1,0,0,0,0,0
activity_1490,0,0,1,0,0,1,0,1,1,0,0,0,0,0,0,0
activity_1468,0,1,0,0,0,0,0,0,0,0,0,0,0,0,0,0
activity_602440,1,0,0,0,0,0,0,0,0,0,0,0,0,0,0,0
activity_504690,0,0,0,0,0,0,0,0,0,0,1,0,0,0,0,0
activity_588413,1,1,0,0,0,0,0,0,0,0,0,0,0,0,0,0
activity_652067,0,0,0,0,0,0,0,0,0,0,1,0,0,0,0,0
activity_652126,0,0,0,0,0,0,0,0,0,0,1,0,0,0,0,0
activity_652257,1,0,1,1,0,0,0,0,0,0,0,0,0,1,0,0
activity_686964,1,0,0,0,0,0,0,0,0,0,0,0,0,0,0,0
activity_687014,0,0,0,0,0,0,0,0,0,0,1,0,0,0,0,0
activity_687016,1,0,0,0,0,0,0,0,0,0,0,0,0,0,0,0
activity_720596,0,1,0,0,0,0,0,0,0,0,0,0,0,0,0,0
activity_720702,1,0,0,0,0,0,0,0,0,0,0,0,0,0,0,0
activity_743126,0,0,1,0,0,0,0,0,0,0,0,0,0,0,0,0
activity_1053197,0,0,1,0,0,0,1,0,0,0,0,0,0,0,0,0
activity_651821,0,1,0,0,0,0,0,0,0,0,0,0,0,0,0,0
activity_651957,1,0,0,0,0,0,0,0,0,0,0,0,0,0,0,0
activity_652010,1,0,0,0,0,0,0,0,0,0,0,0,0,0,0,0
activity_652039,1,1,0,0,0,0,0,0,0,0,0,0,0,0,0,0
activity_602281,0,0,0,1,0,1,0,0,0,0,0,0,0,0,0,0
activity_624267,0,0,1,0,0,0,0,0,0,1,0,0,0,0,0,0
activity_624268,0,0,0,0,0,0,0,0,0,0,1,0,0,0,0,0
activity_624377,1,1,0,0,0,0,0,0,0,0,0,1,0,0,0,0
activity_624416,0,0,0,0,0,0,1,0,0,0,0,0,0,0,0,0
activity_651718,0,1,0,1,0,0,0,0,0,0,0,0,1,0,0,0
activity_651800,0,0,1,0,0,1,0,1,0,0,0,0,0,0,0,0
activity_651572,1,1,0,0,0,0,0,0,0,0,0,1,0,0,0,0
activity_602163,0,1,0,1,0,0,0,0,0,0,0,0,1,0,0,0
activity_602123,1,1,0,1,0,0,0,0,0,0,0,0,0,0,1,0
activity_540364,0,1,0,0,0,0,0,0,0,0,0,1,0,0,0,0
activity_504411,0,1,0,0,0,0,0,0,0,0,0,0,0,0,0,0
activity_504700,1,0,0,0,0,0,0,0,0,0,0,0,0,0,0,0
activity_504707,1,0,0,0,0,0,0,0,0,0,0,0,0,0,0,0
activity_504734,0,0,1,0,0,0,0,0,0,0,0,0,0,0,0,0
activity_504766,1,0,0,0,0,0,0,0,0,0,0,0,0,0,0,0
activity_504803,0,1,0,0,0,0,0,0,0,0,0,0,0,0,1,0
activity_492953,0,0,0,1,0,0,0,0,0,0,0,0,0,0,0,0
activity_492956,0,0,0,1,0,0,0,0,0,0,0,0,0,0,0,0
activity_492972,0,0,0,1,0,0,0,0,0,0,0,0,0,0,0,0
activity_493008,0,0,0,1,0,0,0,0,0,0,0,0,0,0,0,0
activity_493087,0,1,1,0,0,1,0,1,0,0,0,0,0,0,0,0
activity_493244,0,0,0,1,0,0,0,0,0,0,0,0,0,0,0,0
activity_463082,0,0,0,1,0,0,0,0,0,0,0,0,0,0,0,0
activity_2751,0,0,0,0,0,0,0,0,0,0,0,1,0,0,0,0
activity_434962,0,1,1,0,0,1,0,1,0,0,0,0,0,0,0,0
activity_2130,1,0,0,0,0,0,0,0,0,0,0,0,0,0,0,0
activity_2174,1,0,0,0,0,0,0,0,0,0,0,0,0,0,0,0
activity_2177,1,0,0,0,0,0,0,0,0,0,0,0,0,0,0,0
activity_2234,1,0,0,0,0,0,1,0,0,0,0,0,0,0,0,0
activity_2057,1,0,0,0,0,0,0,0,0,0,0,0,0,0,0,0
activity_2129,1,0,0,0,0,0,0,0,0,0,0,0,0,0,0,0
activity_1906,0,0,1,1,0,0,0,0,0,0,1,0,0,0,0,0
activity_1947,1,0,0,0,0,0,0,0,0,0,0,0,0,0,0,0
activity_1974,1,0,0,0,0,0,0,0,0,0,0,0,0,0,0,0
activity_1822,0,0,1,1,0,0,0,0,0,0,1,0,0,0,0,0
activity_1845,0,0,0,0,0,0,1,0,0,0,0,0,0,0,0,0
activity_1321,1,0,0,0,0,0,0,0,0,0,0,0,0,0,0,0
activity_631,1,0,1,1,0,1,0,1,0,0,0,0,0,0,0,0
activity_731,1,0,1,1,0,1,0,1,0,0,0,0,0,0,0,0
activity_1032,0,0,1,0,0,0,0,0,0,0,0,0,0,0,0,0
activity_1203,0,1,1,0,0,0,0,0,0,0,0,0,0,0,0,0
activity_920,1,0,1,0,0,0,0,0,0,0,0,0,0,0,0,0
activity_932,1,0,1,0,0,0,0,0,0,0,0,0,0,0,0,0
activity_862,0,0,1,0,0,0,0,0,0,0,0,0,0,0,0,0
activity_871,0,0,1,0,0,0,0,0,0,0,0,0,0,0,0,0
activity_743093,0,0,0,0,0,0,0,0,0,0,1,0,0,0,0,0
activity_2052,0,0,1,0,0,0,0,0,0,0,0,0,0,0,0,0
activity_1529,1,0,1,1,0,0,0,0,0,0,0,0,0,0,0,0
activity_1530,1,0,1,1,0,0,0,0,0,0,0,0,0,0,0,0
activity_1531,1,0,1,1,0,0,0,0,0,0,0,0,0,0,0,0
activity_758,1,0,0,0,0,0,0,0,0,0,0,0,0,0,0,0
activity_760,1,0,0,0,0,0,0,0,0,0,0,0,0,0,0,0
activity_761,1,0,0,0,0,0,0,0,0,0,0,0,0,0,0,0
activity_757,1,0,0,0,0,0,0,0,0,0,0,0,0,0,0,0
activity_759,1,0,0,0,0,0,0,0,0,0,0,0,0,0,0,0
activity_764,1,0,0,0,0,0,0,0,0,0,0,0,0,0,0,0
activity_1325,1,0,0,0,0,0,0,0,0,0,0,0,0,0,0,0
activity_1326,1,0,0,0,0,0,0,0,0,0,0,0,0,0,0,0
activity_493014,1,0,0,0,0,0,0,0,0,0,0,0,0,0,0,0
activity_588664,1,0,0,0,0,0,0,0,0,0,0,0,0,0,0,0
activity_602410,0,1,1,1,0,0,0,0,0,0,0,0,1,0,0,0
activity_623877,0,1,0,1,0,0,0,0,0,0,0,0,0,0,0,0
activity_488975,0,1,0,0,0,0,0,0,0,0,0,0,0,0,0,0
activity_488977,0,1,0,0,0,0,0,0,0,0,0,0,0,0,0,0
activity_588511,0,0,1,1,0,0,0,0,0,0,0,0,1,0,0,0
activity_588627,0,1,0,0,0,0,0,0,0,0,0,0,0,0,0,0
activity_588675,0,1,0,0,0,0,0,0,0,0,0,0,0,0,0,0
activity_588676,0,1,0,0,0,0,0,0,0,0,0,0,0,0,0,0
activity_1511,0,0,0,1,0,0,0,0,0,0,0,0,0,0,0,0
activity_1672,0,1,0,0,0,0,0,0,1,0,0,0,0,0,0,0
activity_2550,0,0,0,1,0,0,0,0,0,0,0,0,0,0,0,0
activity_2553,0,0,0,1,0,0,0,0,0,0,0,0,0,0,0,0
activity_2648,0,1,1,1,0,1,0,1,0,0,0,0,0,0,0,0
activity_463111,0,1,1,1,0,0,0,0,0,0,0,0,0,0,0,0
activity_463165,0,1,1,1,0,0,0,0,0,0,0,0,0,0,0,0
activity_2156,0,1,0,1,0,0,0,0,0,0,0,0,0,0,0,0
activity_2227,0,1,0,1,0,0,0,0,0,0,0,0,0,0,0,0
activity_2239,0,1,0,1,0,0,0,0,0,0,0,0,0,0,0,0
activity_624037,0,1,0,0,0,0,0,0,0,0,0,0,0,0,0,0
activity_624038,0,1,0,0,0,0,0,0,0,0,0,0,0,0,0,0
activity_624040,0,1,0,0,0,0,0,0,0,0,0,0,0,0,0,0
activity_624125,0,1,0,0,0,0,0,0,0,0,0,0,0,0,0,0
activity_624126,0,1,0,0,0,0,0,0,0,0,0,0,0,0,0,0
activity_624127,0,1,0,0,0,0,0,0,0,0,0,0,0,0,0,0
activity_624466,0,1,0,0,0,0,0,0,0,0,0,0,0,0,0,0
activity_624467,0,1,0,0,0,0,0,0,0,0,0,0,0,0,0,0
activity_602247,0,1,0,0,0,0,0,0,0,0,0,0,0,0,0,0
activity_602248,0,1,0,0,0,0,0,0,0,0,0,0,0,0,0,0
activity_602250,0,1,0,0,0,0,0,0,0,0,0,0,0,0,0,0
activity_588814,0,1,0,0,0,0,0,0,0,0,0,0,0,0,0,0
activity_588819,0,1,0,0,0,0,0,0,0,0,0,0,0,0,0,0
activity_588852,0,1,0,0,0,0,0,0,0,0,0,0,0,0,0,0
activity_504634,0,1,0,0,0,0,0,0,0,0,0,0,0,0,0,0
activity_504692,0,1,0,0,0,0,0,0,0,0,0,0,0,0,0,0
activity_504454,0,1,0,0,0,0,0,0,0,0,0,0,0,0,0,0
activity_652048,0,1,0,0,0,0,0,0,0,0,0,0,0,0,0,0
activity_652051,0,1,0,0,0,0,0,0,0,0,0,0,0,0,0,0
activity_493056,0,1,0,0,0,0,0,0,0,0,0,0,0,0,0,0
activity_493084,0,1,0,0,0,0,0,0,0,0,0,0,0,0,0,0
activity_504660,0,1,1,0,0,0,0,0,0,0,0,0,0,0,0,0
activity_652054,0,1,0,0,0,0,0,0,0,0,0,0,0,0,0,0
activity_624463,0,1,0,0,0,0,0,0,0,0,0,0,0,0,0,0
activity_504651,0,1,1,0,0,0,0,0,0,0,0,0,0,0,0,0
activity_624465,0,1,0,0,0,0,0,0,0,0,0,0,0,0,0,0
activity_504652,0,1,1,0,0,0,0,0,0,0,0,0,0,0,0,0
activity_624464,0,1,0,0,0,0,0,0,0,0,0,0,0,0,0,0
activity_624291,1,0,0,1,0,0,0,0,0,0,0,1,0,0,0,0
activity_485347,0,1,1,0,0,0,0,0,0,0,0,0,0,0,0,0
activity_485344,0,1,1,0,0,0,0,0,0,0,0,0,0,0,0,0
activity_485358,0,1,1,0,0,0,0,0,0,0,0,0,0,0,0,0
activity_492947,0,0,0,0,0,0,1,0,0,0,0,0,0,0,0,0
activity_504810,1,0,1,0,0,0,0,0,1,0,0,0,0,0,0,0
activity_504812,1,0,1,0,0,0,0,0,1,0,0,0,0,0,0,0
activity_540275,0,1,1,0,0,0,0,0,0,0,0,0,0,0,0,0
activity_540277,0,1,1,0,0,0,0,0,0,0,0,0,0,0,0,0
activity_493036,0,1,0,0,0,0,0,0,0,0,0,0,0,0,0,0
activity_1469,0,0,0,1,0,1,0,0,0,0,0,0,0,0,0,0
activity_1479,0,0,0,1,0,1,0,0,0,0,0,0,0,0,0,0
activity_720552,1,0,0,0,1,0,0,0,0,0,0,0,0,0,0,0
activity_720719,0,0,0,0,1,0,0,0,0,0,0,0,0,0,0,0
activity_720725,0,0,0,0,1,0,0,0,0,0,0,0,0,0,0,0
activity_743053,1,0,0,0,1,0,0,0,0,0,0,0,0,0,0,0
activity_743054,1,0,0,0,1,0,0,0,0,0,0,0,0,0,0,0
activity_743063,1,0,0,0,1,0,0,0,0,0,0,0,0,0,0,0
activity_743067,0,1,0,1,1,0,0,0,1,0,0,0,0,0,0,0
activity_743077,0,0,0,0,1,0,0,0,0,0,0,0,0,0,0,0
activity_743078,0,0,0,0,1,0,0,0,0,0,0,0,0,0,0,0
activity_743091,0,0,0,0,1,0,0,0,0,0,0,0,0,0,0,0
activity_743122,0,0,0,0,1,0,0,0,0,0,0,0,0,0,0,0
activity_743139,0,0,0,0,1,0,0,0,0,0,0,0,0,0,0,0
activity_743140,0,0,0,0,1,0,0,0,0,0,0,0,0,0,0,0
activity_1159523,0,0,0,0,1,0,0,0,0,0,0,0,0,0,0,0
activity_1159528,0,0,0,0,1,0,0,0,0,0,0,0,0,0,0,0
activity_1159531,1,0,0,1,1,0,0,0,0,0,0,0,0,0,0,0
activity_1159555,0,0,0,0,1,0,0,0,0,0,0,0,0,0,0,0
activity_1224892,0,0,0,0,1,0,0,0,0,0,0,0,0,0,0,0
activity_1224893,0,0,0,0,1,0,0,0,0,0,0,0,0,0,0,0
activity_1224894,1,0,0,0,1,0,0,0,0,0,0,0,0,0,0,0
activity_1224895,0,0,0,0,0,0,0,0,1,0,0,0,0,0,0,0
activity_1224896,1,0,0,0,1,0,0,0,0,0,0,0,0,0,0,0
activity_1259247,0,0,0,0,1,0,0,0,0,0,0,0,0,0,0,0
activity_1259248,0,0,0,0,1,0,0,0,0,0,0,0,0,0,0,0
activity_1259387,0,0,0,0,1,0,0,0,0,0,0,0,0,0,0,0
activity_1259390,0,0,0,0,1,0,0,0,0,0,0,0,0,0,0,0
activity_1259391,0,0,0,0,1,0,0,0,0,0,0,0,0,0,0,0
activity_1259392,0,0,0,0,1,0,0,0,0,0,0,0,0,0,0,0
activity_1259393,0,0,0,0,0,0,0,0,1,0,0,0,0,0,0,0
activity_1259394,0,0,0,0,1,0,0,0,0,0,0,0,0,0,0,0
activity_1259395,0,0,0,0,0,0,0,0,1,0,0,0,0,0,0,0
activity_1259396,0,0,0,0,1,0,0,0,0,0,0,0,0,0,0,0
activity_1259401,1,0,0,0,0,1,0,1,1,0,0,0,0,0,0,0
activity_1259402,1,0,0,0,0,1,0,1,1,0,0,0,0,0,0,0
activity_1259403,1,0,0,0,0,1,0,1,1,0,0,0,0,0,0,0
activity_1259404,1,0,0,0,0,1,0,1,1,0,0,0,0,0,0,0
activity_1347030,0,0,0,0,1,0,0,0,0,0,0,0,0,0,0,0
activity_1347031,0,0,0,0,1,0,0,0,0,0,0,0,0,0,0,0
activity_1347032,0,0,0,0,1,0,0,0,0,0,0,0,0,0,0,0
activity_1347033,0,0,0,0,1,0,0,0,0,0,0,0,0,0,0,0
activity_1347036,0,0,0,0,1,0,0,0,0,0,0,0,0,0,0,0
activity_1347038,0,0,0,0,1,0,0,0,0,0,0,0,0,0,0,0
activity_1159518,1,0,0,0,1,0,0,0,0,0,0,0,0,0,0,0
activity_1159519,1,1,1,1,1,1,0,1,0,0,0,0,0,0,0,0
activity_743199,0,0,0,0,1,0,0,0,0,0,0,0,0,0,0,0
activity_743219,0,0,0,0,1,0,0,0,0,0,0,0,0,0,0,0
activity_743226,0,0,0,0,1,0,0,0,0,0,0,0,0,0,0,0
activity_743227,0,0,0,0,1,0,0,0,0,0,0,0,0,0,0,0
activity_743228,0,0,0,0,1,0,0,0,0,0,0,0,0,0,0,0
activity_743239,1,0,1,0,1,1,0,1,0,0,0,0,0,0,0,0
activity_743240,1,0,1,0,1,1,0,1,0,0,0,0,0,0,0,0
activity_743241,0,0,0,0,1,0,0,0,0,0,0,0,0,0,0,0
activity_743242,0,0,0,0,1,0,0,0,0,0,0,0,0,0,0,0
